Year,Total Water Consumption (Billion Cubic Meters),year,demand
2000,10090.3819945,2000,10090.3819945
2001,10061.0719385,2001,10061.0719385
2002,9498.1149508,2002,9498.1149508
2003,10186.875738,2003,10186.875738
2004,10901.9261432,2004,10901.9261432
2005,9124.7585428,2005,9124.7585428
2006,9852.5811367,2006,9852.5811367
2007,10351.4358825,2007,10351.4358825
2008,11062.7757846,2008,11062.7757846
2009,9397.9810487,2009,9397.9810487
2010,9825.1152427,2010,9825.1152427
2011,10499.0583747,2011,10499.0583747
2012,10681.3648556,2012,10681.3648556
2013,9658.7488183,2013,9658.7488183
2014,10153.3223186,2014,10153.3223186
2015,9811.7773113,2015,9811.7773113
2016,9997.2771654,2016,9997.2771654
2017,10370.6966654,2017,10370.6966654
2018,10443.2180302,2018,10443.2180302
2019,9899.0997264,2019,9899.0997264
2020,9469.3279163,2020,9469.3279163
2021,9609.0259395,2021,9609.0259395
2022,10044.4601889,2022,10044.4601889
2023,9627.2027867,2023,9627.2027867
2024,9994.6165898,2024,9994.6165898
