Index,Actual Demand,Predicted Demand
400,529.145,505.10066595793717
401,364.055,492.2914288342405
402,456.5171429,496.2219998367601
403,563.675,502.45199814983005
404,636.2816667,503.888821803885
405,425.267,505.41824155262555
406,585.9822222,450.15563957537495
407,446.908125,514.1739205085748
408,621.0841667,487.9285392429624
409,448.882,510.31759918976
410,298.6333333,495.9323937102755
411,436.98,499.9457733944321
412,434.72,506.2791920804417
413,456.134,517.5713357810446
414,387.3223077,501.24000455661053
415,395.4144444,512.0131644492677
416,408.96,512.3145839973376
417,441.78125,499.43126893100725
418,554.5890909,514.8059152495268
419,567.2763636,502.7743673589998
420,475.7216667,515.0952283971662
421,469.4184615,514.160076007122
422,433.9583333,450.8020104773217
423,410.89,496.60200271471876
424,546.9825,502.5627592161146
425,621.2653846,510.77934022856255
426,372.417,507.9208152352319
427,364.6341667,500.1005342410423
428,326.1133333,532.6570726000498
429,580.2007143,511.0767592646248
430,250.2157143,524.601362814218
431,238.5777778,494.1971962368933
432,507.527619,508.39788498731605
433,561.0422222,500.25209807975
434,588.5592308,499.21415091154824
435,559.4483333,515.2223796177777
436,656.747,509.36859963822747
437,528.5618182,492.3146954770983
438,486.4728571,517.6851412422286
439,333.6066667,519.7977161660467
440,519.4166667,494.2763232647619
441,546.485,514.8569222491645
442,600.2933333,497.61845861636937
443,348.3942857,492.51254726219986
444,454.1371429,502.7187010936984
445,316.5153846,509.2912077658041
446,494.8125,503.36161362962935
447,494.2054545,503.06715072867553
448,589.718125,523.3877959055912
449,543.2171429,505.1185075868607
450,511.9777778,504.900944430044
451,623.7291667,496.40766620580064
452,553.6775,505.3899487786538
453,461.87,522.353596820625
454,325.1322222,500.5239292399543
455,366.83,489.47604180241547
456,416.965,500.69013991519387
457,413.211875,506.3454860814895
458,573.33,520.5026443457571
459,332.8966667,507.5016874427339
460,633.4355556,501.6565810699559
461,540.5671429,500.5487624331065
462,583.028,494.24303455749885
463,470.0369231,510.9955312368397
464,402.7325,509.2987036557074
465,523.8277778,518.0892322403772
466,394.5872727,510.668253072216
467,361.1922222,506.1616509557854
468,628.4711111,508.47551259722593
469,475.0791667,501.6141180283197
470,553.333,517.1466197202744
471,525.818,502.16850904673186
472,471.931,491.50920012282313
473,519.0361538,498.49502556289167
474,498.77875,497.0688875631504
475,631.304,512.7545748009733
476,445.1727273,494.8310822111789
477,606.1272727,507.4140584558944
478,601.7725,520.3544666302449
479,626.24,505.3028796590461
480,465.765,488.6184175518382
481,444.7588889,490.8858131882944
482,649.6291667,501.62460703571946
483,548.2515385,506.5448244848535
484,743.6711111,499.49511632004055
485,626.2214286,445.912143735242
486,556.9666667,494.5626994821498
487,589.28,491.6446142801518
488,318.79,498.4623645667333
489,455.4454545,513.8180615857602
490,451.5457143,521.4111885155862
491,502.996,504.63177145534064
492,431.505,504.0046496953564
493,568.125,522.253707887372
494,547.864375,505.12702105414485
495,418.097,493.6596447193351
496,572.094,513.9814509031363
497,440.978,501.12537656855454
498,566.865,501.2288284105133
499,249.485,436.0873538524646
